A,C,G,T,date,promoter,strain,media,condition,mutregion,bincount,TF,position
-0.0547774905048,0.0511235822174,-0.0294135812901,0.0330674895775,20160921,dgoR,JK10,EZrichgalactonate,500cAMP,mut3,4,RNAP,5
0.0413771615227,0.0229785057508,-0.03592467207,-0.0284309952035,20160921,dgoR,JK10,EZrichgalactonate,500cAMP,mut3,4,RNAP,6
-0.0201349873663,0.0681222379822,0.0386530235978,-0.0866402742137,20160921,dgoR,JK10,EZrichgalactonate,500cAMP,mut3,4,RNAP,7
-0.00908022177583,0.0621210311517,0.089922445229,-0.142963254605,20160921,dgoR,JK10,EZrichgalactonate,500cAMP,mut3,4,RNAP,8
0.0155683961543,-0.00886698701629,0.0791609986208,-0.0858624077588,20160921,dgoR,JK10,EZrichgalactonate,500cAMP,mut3,4,RNAP,9
0.0836083065873,-0.0129512585233,0.112866804173,-0.183523852237,20160921,dgoR,JK10,EZrichgalactonate,500cAMP,mut3,4,RNAP,10
0.069486225353,0.0606071251428,-0.221749608609,0.091656258113,20160921,dgoR,JK10,EZrichgalactonate,500cAMP,mut3,4,RNAP,11
0.0735113910132,0.0617280887401,0.066387829948,-0.201627309701,20160921,dgoR,JK10,EZrichgalactonate,500cAMP,mut3,4,RNAP,12
0.075070876896,0.087342391824,-0.225931534907,0.0635182661867,20160921,dgoR,JK10,EZrichgalactonate,500cAMP,mut3,4,RNAP,13
-0.265139372756,0.0615632983467,0.107719723333,0.0958563510767,20160921,dgoR,JK10,EZrichgalactonate,500cAMP,mut3,4,RNAP,14
0.074494470624,0.0425320461633,0.054619965816,-0.171646482603,20160921,dgoR,JK10,EZrichgalactonate,500cAMP,mut3,4,RNAP,15
0.0251194155467,-0.09089358193,-0.000236382240244,0.0660105486236,20160921,dgoR,JK10,EZrichgalactonate,500cAMP,mut3,4,RNAP,16
0.0413216657184,-0.0153426086388,0.0179506422457,-0.0439296993253,20160921,dgoR,JK10,EZrichgalactonate,500cAMP,mut3,4,RNAP,17
-0.0135629426272,-0.000493470401148,-0.0149689727764,0.0290253858047,20160921,dgoR,JK10,EZrichgalactonate,500cAMP,mut3,4,RNAP,18
0.0609015713309,-0.0139443307577,-0.0494954700531,0.00253822947995,20160921,dgoR,JK10,EZrichgalactonate,500cAMP,mut3,4,RNAP,19
-0.00150938014752,0.0117473122615,-0.107442806063,0.0972048739488,20160921,dgoR,JK10,EZrichgalactonate,500cAMP,mut3,4,RNAP,20
0.0540288002357,-0.0308180350952,0.00829181610103,-0.0315025812415,20160921,dgoR,JK10,EZrichgalactonate,500cAMP,mut3,4,RNAP,21
0.025124528437,-0.142569628292,0.0619990518297,0.0554460480258,20160921,dgoR,JK10,EZrichgalactonate,500cAMP,mut3,4,RNAP,22
-0.0714966255506,-0.00284708461823,-0.0372911418383,0.111634852007,20160921,dgoR,JK10,EZrichgalactonate,500cAMP,mut3,4,RNAP,23
0.085939656886,-0.095307535406,0.0282104883508,-0.0188426098309,20160921,dgoR,JK10,EZrichgalactonate,500cAMP,mut3,4,RNAP,24
-0.0116297703799,0.190402322048,-0.0197834484454,-0.158989103223,20160921,dgoR,JK10,EZrichgalactonate,500cAMP,mut3,4,RNAP,25
0.0916949942206,0.0451457574765,-0.110338274961,-0.0265024767363,20160921,dgoR,JK10,EZrichgalactonate,500cAMP,mut3,4,RNAP,26
-0.0739242598297,-0.0288856945252,0.103255619176,-0.000445664820658,20160921,dgoR,JK10,EZrichgalactonate,500cAMP,mut3,4,RNAP,27
-0.019220831423,0.00616487586099,0.0500106262238,-0.0369546706618,20160921,dgoR,JK10,EZrichgalactonate,500cAMP,mut3,4,RNAP,28
-0.0190850191817,0.00583092539005,0.0426933189118,-0.0294392251202,20160921,dgoR,JK10,EZrichgalactonate,500cAMP,mut3,4,RNAP,29
0.00243708213851,0.022982972423,-0.00773451679594,-0.0176855377655,20160921,dgoR,JK10,EZrichgalactonate,500cAMP,mut3,4,RNAP,30
0.000644172234475,0.00101717547027,-0.0100252364691,0.00836388876436,20160921,dgoR,JK10,EZrichgalactonate,500cAMP,mut3,4,RNAP,31
0.0324196705078,-0.0093664862241,-0.0110582165234,-0.0119949677603,20160921,dgoR,JK10,EZrichgalactonate,500cAMP,mut3,4,RNAP,32
0.0134204277786,-0.0174195581829,0.00269146683906,0.00130766356528,20160921,dgoR,JK10,EZrichgalactonate,500cAMP,mut3,4,RNAP,33
0.016722902652,-0.0173720693084,-0.0175538164862,0.0182029831426,20160921,dgoR,JK10,EZrichgalactonate,500cAMP,mut3,4,RNAP,34
0.0555943748303,-0.0272218938518,-0.0204617350913,-0.0079107458872,20160921,dgoR,JK10,EZrichgalactonate,500cAMP,mut3,4,RNAP,35
-0.0113640355349,-0.00964062181034,-0.0229920091347,0.0439966664799,20160921,dgoR,JK10,EZrichgalactonate,500cAMP,mut3,4,RNAP,36
0.0314869769397,-0.0215591736211,-0.00339083474617,-0.0065369685724,20160921,dgoR,JK10,EZrichgalactonate,500cAMP,mut3,4,RNAP,37
0.00450958929591,-0.0106337317454,-0.00346359088658,0.00958773333612,20160921,dgoR,JK10,EZrichgalactonate,500cAMP,mut3,4,RNAP,38
-0.00899569996662,0.00493866173782,-0.00605351161972,0.0101105498485,20160921,dgoR,JK10,EZrichgalactonate,500cAMP,mut3,4,RNAP,39
-0.00686169328912,0.00969776286989,0.0165800427235,-0.0194161123043,20160921,dgoR,JK10,EZrichgalactonate,500cAMP,mut3,4,RNAP,40
-0.00899990512369,0.0313946270437,0.0172609046189,-0.0396556265389,20160921,dgoR,JK10,EZrichgalactonate,500cAMP,mut3,4,RNAP,41
0.00837860634017,0.0180684433812,0.0175354490586,-0.04398249878,20160921,dgoR,JK10,EZrichgalactonate,500cAMP,mut3,4,RNAP,42
0.0487707575628,-0.0192948267051,0.0778229890892,-0.107298919947,20160921,dgoR,JK10,EZrichgalactonate,500cAMP,mut3,4,RNAP,43
-0.063199876389,0.054995696278,-0.0838431361977,0.0920473163087,20160921,dgoR,JK10,EZrichgalactonate,500cAMP,mut3,4,RNAP,44
0.0390269233506,0.0329288457173,0.00185311993491,-0.0738088890028,20160921,dgoR,JK10,EZrichgalactonate,500cAMP,mut3,4,RNAP,45
0.0182234462788,0.14856854597,-0.233779940412,0.0669879481633,20160921,dgoR,JK10,EZrichgalactonate,500cAMP,mut3,4,RNAP,46
0.0522807655892,0.0534904120655,-0.102271197797,-0.00349997985725,20160921,dgoR,JK10,EZrichgalactonate,500cAMP,mut3,4,RNAP,47
0.0824533282713,0.0583899300696,0.0766018873527,-0.217445145694,20160921,dgoR,JK10,EZrichgalactonate,500cAMP,mut3,4,RNAP,48
-0.0669896330264,0.0146763767568,0.0495275657789,0.00278569049067,20160921,dgoR,JK10,EZrichgalactonate,500cAMP,mut3,4,RNAP,49
0.0238908114079,0.00875729905572,0.0671201675981,-0.0997682780618,20160921,dgoR,JK10,EZrichgalactonate,500cAMP,mut3,4,RNAP,50
-0.119019056985,0.013381661344,0.0737134619172,0.0319239337238,20160921,dgoR,JK10,EZrichgalactonate,500cAMP,mut3,4,RNAP,51
-0.0951011897521,-0.0514612612416,0.0715877789601,0.0749746720336,20160921,dgoR,JK10,EZrichgalactonate,500cAMP,mut3,4,RNAP,52
0.0425875380996,0.0707344047587,0.00850509852572,-0.121827041384,20160921,dgoR,JK10,EZrichgalactonate,500cAMP,mut3,4,RNAP,53
-0.0629116816099,0.044684446678,-0.00796676182273,0.0261939967546,20160921,dgoR,JK10,EZrichgalactonate,500cAMP,mut3,4,RNAP,54
