A,C,G,T,date,promoter,strain,media,condition,mutregion,bincount,TF,position,WT_sequence
0.0313398353222,-0.0197864666512,0.0202148103278,-0.0317681789989,20170717,yebG,MG1655,M9glucose,na,mut2,4,LexA,37,T
-0.0404134430921,-0.016457537241,-0.0112371874472,0.0681081677803,20170717,yebG,MG1655,M9glucose,na,mut2,4,LexA,38,A
0.121016115659,-0.142946915469,-0.00560746207031,0.0275382618809,20170717,yebG,MG1655,M9glucose,na,mut2,4,LexA,39,C
-0.212820880199,-0.198971601263,-0.195574665793,0.607367147255,20170717,yebG,MG1655,M9glucose,na,mut2,4,LexA,40,T
0.0614043406544,0.0620627962284,-0.219992350206,0.0965252133229,20170717,yebG,MG1655,M9glucose,na,mut2,4,LexA,41,G
0.0596920229583,0.125944599095,-0.0737641244029,-0.111872497651,20170717,yebG,MG1655,M9glucose,na,mut2,4,LexA,42,T
-0.131251308353,0.0576611746371,0.0508161523974,0.0227739813182,20170717,yebG,MG1655,M9glucose,na,mut2,4,LexA,43,A
0.0559319095721,-0.0493279751914,0.0783424615554,-0.0849463959361,20170717,yebG,MG1655,M9glucose,na,mut2,4,LexA,44,T
-0.113292886563,0.102203662447,-0.0365164808836,0.0476057049997,20170717,yebG,MG1655,M9glucose,na,mut2,4,LexA,45,A
-0.0374583112613,0.0533504664396,0.0295219028204,-0.0454140579986,20170717,yebG,MG1655,M9glucose,na,mut2,4,LexA,46,A
-0.175513842428,0.0667699332578,-0.0255906281563,0.134334537326,20170717,yebG,MG1655,M9glucose,na,mut2,4,LexA,47,A
-0.0365609885142,0.0413207935564,0.062481907376,-0.0672417124182,20170717,yebG,MG1655,M9glucose,na,mut2,4,LexA,48,A
-0.0369640147425,0.00754300624087,0.0297412902932,-0.000320281791552,20170717,yebG,MG1655,M9glucose,na,mut2,4,LexA,49,T
0.00808858016631,-0.0116960504772,0.0561213300359,-0.052513859725,20170717,yebG,MG1655,M9glucose,na,mut2,4,LexA,50,C
-0.0877335418154,-0.0705118446959,0.112003366485,0.046242020026,20170717,yebG,MG1655,M9glucose,na,mut2,4,LexA,51,A
0.0696653636082,-0.21761899451,0.0971291400238,0.0508244908777,20170717,yebG,MG1655,M9glucose,na,mut2,4,LexA,52,C
-0.247825600393,0.0830541459328,0.0747902064696,0.089981247991,20170717,yebG,MG1655,M9glucose,na,mut2,4,LexA,53,A
0.0750581664497,0.0435012776974,-0.142952395948,0.0243929518006,20170717,yebG,MG1655,M9glucose,na,mut2,4,LexA,54,G
0.0415663129665,0.0266798425209,-0.0479375151009,-0.0203086403866,20170717,yebG,MG1655,M9glucose,na,mut2,4,LexA,55,T
-0.0306048726065,0.0323423872788,-0.00999427359716,0.00825675892481,20170717,yebG,MG1655,M9glucose,na,mut2,4,LexA,56,T
