A,C,G,T,filename,TF,position
0.00322417646125,-0.00113407970897,-0.0008208677736,-0.00126922897868,20170822_dgoR_sim_2RNAP_relB/pymc_pdgoR_sim_RNAP_relB.cfg,RNAP_relB,0
-0.00104921462938,-0.00084108623416,0.00165068448464,0.0002396163789,20170822_dgoR_sim_2RNAP_relB/pymc_pdgoR_sim_RNAP_relB.cfg,RNAP_relB,1
-6.57330926684e-05,-0.00306008543903,0.00332163893452,-0.000195820402822,20170822_dgoR_sim_2RNAP_relB/pymc_pdgoR_sim_RNAP_relB.cfg,RNAP_relB,2
0.0777307460167,0.0728380513268,0.0397204296984,-0.190289227042,20170822_dgoR_sim_2RNAP_relB/pymc_pdgoR_sim_RNAP_relB.cfg,RNAP_relB,3
0.0204736822311,0.0761275663449,0.0156416410477,-0.112242889624,20170822_dgoR_sim_2RNAP_relB/pymc_pdgoR_sim_RNAP_relB.cfg,RNAP_relB,4
0.103813980394,0.00652930727206,-0.131848835576,0.0215055479105,20170822_dgoR_sim_2RNAP_relB/pymc_pdgoR_sim_RNAP_relB.cfg,RNAP_relB,5
-0.12862168322,-0.0109096795751,0.11377088822,0.0257604745748,20170822_dgoR_sim_2RNAP_relB/pymc_pdgoR_sim_RNAP_relB.cfg,RNAP_relB,6
-0.0230911968658,0.0223174866234,-0.0218282997119,0.0226020099543,20170822_dgoR_sim_2RNAP_relB/pymc_pdgoR_sim_RNAP_relB.cfg,RNAP_relB,7
-0.0221485766637,0.0200941423991,0.0207202637424,-0.0186658294778,20170822_dgoR_sim_2RNAP_relB/pymc_pdgoR_sim_RNAP_relB.cfg,RNAP_relB,8
-0.0103646859721,0.0166125256908,0.00743675215568,-0.0136845918743,20170822_dgoR_sim_2RNAP_relB/pymc_pdgoR_sim_RNAP_relB.cfg,RNAP_relB,9
-0.00598573604821,0.00515479936049,0.00695087641979,-0.00611993973207,20170822_dgoR_sim_2RNAP_relB/pymc_pdgoR_sim_RNAP_relB.cfg,RNAP_relB,10
-0.00471833298529,0.00251829800212,0.00526429930159,-0.00306426431841,20170822_dgoR_sim_2RNAP_relB/pymc_pdgoR_sim_RNAP_relB.cfg,RNAP_relB,11
-0.00455039286362,0.0122450834366,0.00212650430759,-0.00982119488056,20170822_dgoR_sim_2RNAP_relB/pymc_pdgoR_sim_RNAP_relB.cfg,RNAP_relB,12
0.0122442123575,0.000379364191095,-0.012025087464,-0.000598489084647,20170822_dgoR_sim_2RNAP_relB/pymc_pdgoR_sim_RNAP_relB.cfg,RNAP_relB,13
0.0160044558613,0.00694384978187,-0.00532335441299,-0.0176249512302,20170822_dgoR_sim_2RNAP_relB/pymc_pdgoR_sim_RNAP_relB.cfg,RNAP_relB,14
-0.00790848685776,-0.00398762989742,0.00332857331407,0.00856754344111,20170822_dgoR_sim_2RNAP_relB/pymc_pdgoR_sim_RNAP_relB.cfg,RNAP_relB,15
0.000357500456166,-0.00198201293975,0.00501883564183,-0.00339432315825,20170822_dgoR_sim_2RNAP_relB/pymc_pdgoR_sim_RNAP_relB.cfg,RNAP_relB,16
-0.000858365552887,0.00190682898907,-0.000170512105174,-0.000877951331008,20170822_dgoR_sim_2RNAP_relB/pymc_pdgoR_sim_RNAP_relB.cfg,RNAP_relB,17
-0.0189071318847,0.00836292686471,0.007490464157,0.00305374086303,20170822_dgoR_sim_2RNAP_relB/pymc_pdgoR_sim_RNAP_relB.cfg,RNAP_relB,18
-0.0187763845147,0.0179928151272,0.00728680566758,-0.00650323628017,20170822_dgoR_sim_2RNAP_relB/pymc_pdgoR_sim_RNAP_relB.cfg,RNAP_relB,19
-0.0374016708117,0.0246835316781,0.044912736214,-0.0321945970804,20170822_dgoR_sim_2RNAP_relB/pymc_pdgoR_sim_RNAP_relB.cfg,RNAP_relB,20
-0.0177629083798,0.014924499191,0.0121679269318,-0.00932951774299,20170822_dgoR_sim_2RNAP_relB/pymc_pdgoR_sim_RNAP_relB.cfg,RNAP_relB,21
0.0411257931612,-0.00328837353947,0.0348967316473,-0.0727341512691,20170822_dgoR_sim_2RNAP_relB/pymc_pdgoR_sim_RNAP_relB.cfg,RNAP_relB,22
-0.0272197938111,0.027745389778,-0.0329823524728,0.0324567565059,20170822_dgoR_sim_2RNAP_relB/pymc_pdgoR_sim_RNAP_relB.cfg,RNAP_relB,23
0.0950554717406,0.146156882552,0.0817965210087,-0.323008875301,20170822_dgoR_sim_2RNAP_relB/pymc_pdgoR_sim_RNAP_relB.cfg,RNAP_relB,24
0.0148748140553,0.17198436546,-0.0711462084805,-0.115712971035,20170822_dgoR_sim_2RNAP_relB/pymc_pdgoR_sim_RNAP_relB.cfg,RNAP_relB,25
0.116484652718,-0.0158348185856,-0.132761801961,0.0321119678288,20170822_dgoR_sim_2RNAP_relB/pymc_pdgoR_sim_RNAP_relB.cfg,RNAP_relB,26
-0.116868059651,0.0224658804706,0.228400074487,-0.133997895307,20170822_dgoR_sim_2RNAP_relB/pymc_pdgoR_sim_RNAP_relB.cfg,RNAP_relB,27
-0.247083779088,0.133790989647,0.0474609295552,0.0658318598851,20170822_dgoR_sim_2RNAP_relB/pymc_pdgoR_sim_RNAP_relB.cfg,RNAP_relB,28
-0.0143104688204,0.0382642167441,0.0697281842433,-0.0936819321669,20170822_dgoR_sim_2RNAP_relB/pymc_pdgoR_sim_RNAP_relB.cfg,RNAP_relB,29
-0.116541432623,0.0633870179268,0.0369465864962,0.0162078281998,20170822_dgoR_sim_2RNAP_relB/pymc_pdgoR_sim_RNAP_relB.cfg,RNAP_relB,30
-0.0662133575199,-0.0197102681736,0.0468590034085,0.039064622285,20170822_dgoR_sim_2RNAP_relB/pymc_pdgoR_sim_RNAP_relB.cfg,RNAP_relB,31
0.0366558814792,0.0711626737253,0.110615440999,-0.218433996203,20170822_dgoR_sim_2RNAP_relB/pymc_pdgoR_sim_RNAP_relB.cfg,RNAP_relB,32
-0.000899602171609,0.0138963470988,0.000233270677796,-0.013230015605,20170822_dgoR_sim_2RNAP_relB/pymc_pdgoR_sim_RNAP_relB.cfg,RNAP_relB,33
0.0182787729633,-0.0089059565394,-0.0172037198632,0.00783090343924,20170822_dgoR_sim_2RNAP_relB/pymc_pdgoR_sim_RNAP_relB.cfg,RNAP_relB,34
0.0183060653161,0.00748442885908,-0.00545116851676,-0.0203393256584,20170822_dgoR_sim_2RNAP_relB/pymc_pdgoR_sim_RNAP_relB.cfg,RNAP_relB,35
-0.00793268430456,-0.00785401116211,0.00269176475053,0.0130949307161,20170822_dgoR_sim_2RNAP_relB/pymc_pdgoR_sim_RNAP_relB.cfg,RNAP_relB,36
-0.00113876200906,-0.00848479542872,0.00858713196948,0.0010364254683,20170822_dgoR_sim_2RNAP_relB/pymc_pdgoR_sim_RNAP_relB.cfg,RNAP_relB,37
-2.61028697846e-05,0.0014741553332,-0.00462488437643,0.00317683191302,20170822_dgoR_sim_2RNAP_relB/pymc_pdgoR_sim_RNAP_relB.cfg,RNAP_relB,38
-0.0238048775333,0.0051206270081,0.0180523815351,0.000631868990088,20170822_dgoR_sim_2RNAP_relB/pymc_pdgoR_sim_RNAP_relB.cfg,RNAP_relB,39
-0.0267206147424,0.0202246607484,0.0185133138814,-0.0120173598874,20170822_dgoR_sim_2RNAP_relB/pymc_pdgoR_sim_RNAP_relB.cfg,RNAP_relB,40
-0.043180482574,0.0333580945851,0.0526707324092,-0.0428483444204,20170822_dgoR_sim_2RNAP_relB/pymc_pdgoR_sim_RNAP_relB.cfg,RNAP_relB,41
-0.0247746226979,0.0210798897665,0.0165491799399,-0.0128544470085,20170822_dgoR_sim_2RNAP_relB/pymc_pdgoR_sim_RNAP_relB.cfg,RNAP_relB,42
0.0496472344168,-3.01701140349e-05,0.0443161544275,-0.0939332187303,20170822_dgoR_sim_2RNAP_relB/pymc_pdgoR_sim_RNAP_relB.cfg,RNAP_relB,43
-0.0381028355929,0.0369718761672,-0.0418998983144,0.0430308577401,20170822_dgoR_sim_2RNAP_relB/pymc_pdgoR_sim_RNAP_relB.cfg,RNAP_relB,44
0.000350358057734,0.0450956213174,0.0351373497422,-0.0805833291174,20170822_dgoR_sim_2RNAP_relB/pymc_pdgoR_sim_RNAP_relB.cfg,RNAP_relB,45
-0.0257438580662,0.0693971324383,-0.112735119687,0.0690818453145,20170822_dgoR_sim_2RNAP_relB/pymc_pdgoR_sim_RNAP_relB.cfg,RNAP_relB,46
-0.00202812762633,-0.0307302913914,0.0247109114138,0.00804750760395,20170822_dgoR_sim_2RNAP_relB/pymc_pdgoR_sim_RNAP_relB.cfg,RNAP_relB,47
0.0864754514167,0.0404317207739,0.0860516689431,-0.212958841134,20170822_dgoR_sim_2RNAP_relB/pymc_pdgoR_sim_RNAP_relB.cfg,RNAP_relB,48
-0.275353110432,0.124484298852,0.10921513812,0.0416536734605,20170822_dgoR_sim_2RNAP_relB/pymc_pdgoR_sim_RNAP_relB.cfg,RNAP_relB,49
0.02494890102,0.0210476448391,0.0485281861975,-0.0945247320566,20170822_dgoR_sim_2RNAP_relB/pymc_pdgoR_sim_RNAP_relB.cfg,RNAP_relB,50
-0.123044601772,0.0555617677508,0.0224391906725,0.0450436433486,20170822_dgoR_sim_2RNAP_relB/pymc_pdgoR_sim_RNAP_relB.cfg,RNAP_relB,51
-0.0786617525394,-0.0420841937959,0.0550946137146,0.0656513326207,20170822_dgoR_sim_2RNAP_relB/pymc_pdgoR_sim_RNAP_relB.cfg,RNAP_relB,52
0.0413945235582,0.0707791272795,0.102291178144,-0.214464828982,20170822_dgoR_sim_2RNAP_relB/pymc_pdgoR_sim_RNAP_relB.cfg,RNAP_relB,53
0.000222378313918,0.00277194527983,-0.000205812559974,-0.00278851103378,20170822_dgoR_sim_2RNAP_relB/pymc_pdgoR_sim_RNAP_relB.cfg,RNAP_relB,54
