,A,C,G,T
0,0.0,0.334598189,0.0645622546,0.7358502324
1,0.7745968298,0.0,0.5934712206,0.8471788096
2,3.8164878428,3.6179938662,0.0,3.5656229806
3,0.750029199,0.0,1.3759375502,1.3118837508
4,0.0,4.970958486,5.0084339454,5.0978873932
5,0.0,4.5640903238,5.1687128914,4.9653308114
6,0.0,1.186145091,3.0332472746,0.3978893056
7,5.0634279976,0.0,4.8740284356,5.1888199834
8,8.5266088112,3.5151934694,0.0,5.257889
9,0.1519703258,0.9666888932,0.4022342864,0.0
10,1.536112494,1.8585077582,1.1444517646,0.0
11,0.8007938284,0.9801514002,0.5918187412,0.0
12,-0.5937485598,-0.3891531208,-1.9091452738,0.0
13,3.9002905044,0.0,5.227728362,2.4325883464
14,0.5836025674,-0.4861178386,0.0,-0.3076500634
15,0.5677017866,0.0032471798,1.0335045288,0.0
